Timestamp,What is your current graduation year?,How would you describe your race and ethnicity? Check all that apply.,What is your intended concentration area(s)?  Check all that apply.,How would you describe your gender identity? Check all that apply.,Do you identify as LGBTQ+?,Are you currently in a relationship?,Do you consider yourself patriotic for your birth country?,"Have you worked in the service industry? Examples include working in restaurants, hospitality, retail, and gig work.","When was the last time you watched, read, or listened to porn? ",What is your favorite dining hall on campus?,Was your screen-time restricted in high school by your parents or guardians?,What is your preferred method of taking notes in class?,"How often do you exercise (e.g. going to the gym, playing sports, or cardio)? ",Brown recently shifted all program and theme house applications to a lottery system. Has this change made you more or less likely to apply to special housing?,Do you still have feelings for a former romantic partner?,Which of the following images are AI-generated?
2025/11/18 11:09:28 AM EST,2026,White,"Physical Sciences (e.g. Engineering, Computer Science)",Woman,Yes,Yes,No,Yes,Unsure,Andrews Commons,No,Laptop,Less than once a week,About the same,No,The left image
2025/11/18 11:10:11 AM EST,2026,Native American or Alaska Native,"Social Sciences (e.g. Economics, Political Science)",Woman,Yes,Yes,No,No,Never,Josiah's (Jo's),No,Paper,Less than once a week,Unsure,No,The right image
2025/11/18 11:11:50 AM EST,2027,White,"Social Sciences (e.g. Economics, Political Science)",Woman,No,No,Unsure,Yes,Never,Josiah's (Jo's),No,iPad or digital notebook,Once a day or more,Less likely,Unsure,The right image
2025/11/18 11:12:27 AM EST,2026,Asian,"Life Sciences (e.g. Biology, Chemistry)",Woman,No,Yes,Yes,Yes,"Within the last month, or longer",Andrews Commons,No,iPad or digital notebook,Several times a week,About the same,No,The left image
2025/11/18 11:12:58 AM EST,2026,Hispanic or Latino,"Social Sciences (e.g. Economics, Political Science)",Man,Yes,No,Yes,No,Within the last week,Andrews Commons,Yes,iPad or digital notebook,Weekly,About the same,I have never had a romantic partner,The right image
2025/11/18 11:20:15 AM EST,2027,Black;Hispanic or Latino;White,"Humanities/Arts (e.g. English, History)",Man,No,No,Unsure,Yes,Within the last three days,Josiah's (Jo's),No,Laptop,Once a day or more,Less likely,No,The right image
2025/11/18 11:22:23 AM EST,2026,White,"Life Sciences (e.g. Biology, Chemistry);Social Sciences (e.g. Economics, Political Science)",Man,No,Yes,Yes,Yes,Within the last week,Andrews Commons,Yes,Paper,Several times a week,Unsure,No,The left image
2025/11/18 11:28:27 AM EST,2028,Asian;Black,"Physical Sciences (e.g. Engineering, Computer Science)",Man,No,No,Unsure,Yes,Within the last week,Ivy Room,Yes,I don't take notes,Less than once a week,About the same,No,The right image
2025/11/18 11:31:03 AM EST,2029,White,"Physical Sciences (e.g. Engineering, Computer Science);Social Sciences (e.g. Economics, Political Science)",Man,No,No,Yes,No,Never,Ivy Room,No,I don't take notes,Less than once a week,Unsure,I have never had a romantic partner,The left image
2025/11/18 11:41:58 AM EST,2029,White,"Life Sciences (e.g. Biology, Chemistry)",Man,No,No,Yes,Yes,Within the last three days,Ivy Room,No,iPad or digital notebook,Several times a week,About the same,I have never had a romantic partner,The left image
2025/11/18 11:48:41 AM EST,2029,Asian,"Life Sciences (e.g. Biology, Chemistry)",Woman,Yes,No,Unsure,Yes,"Within the last month, or longer",Ivy Room,Yes,Laptop,Once a day or more,Less likely,I have never had a romantic partner,The left image
2025/11/18 11:49:28 AM EST,2029,Black,"Life Sciences (e.g. Biology, Chemistry)",Woman,No,No,Yes,No,Never,Andrews Commons,No,iPad or digital notebook,Weekly,Less likely,I have never had a romantic partner,The left image
2025/11/18 11:50:54 AM EST,2029,Black,"Life Sciences (e.g. Biology, Chemistry)",Woman,No,No,Yes,No,Unsure,Sharpe Refectory (Ratty),No,iPad or digital notebook,Less than once a week,Less likely,I have never had a romantic partner,The left image
2025/11/18 11:52:58 AM EST,2026,White,"Humanities/Arts (e.g. English, History);Social Sciences (e.g. Economics, Political Science)",Woman,No,Yes,No,Yes,"Within the last month, or longer",Blue Room,No,Paper,Weekly,About the same,No,The left image
2025/11/18 11:53:54 AM EST,2026,Middle Eastern or North African,"Physical Sciences (e.g. Engineering, Computer Science)",Woman,Yes,Yes,No,No,Within the last three days,Sharpe Refectory (Ratty),No,Paper,Weekly,About the same,No,The right image
2025/11/18 11:55:18 AM EST,2026,White,"Physical Sciences (e.g. Engineering, Computer Science)",Woman,Yes,Yes,No,No,Within the last week,Sharpe Refectory (Ratty),Yes,Paper,Once a day or more,About the same,No,Prefer not to answer
2025/11/18 12:02:22 PM EST,2026,Asian;White,"Life Sciences (e.g. Biology, Chemistry)",Woman,Yes,Yes,Yes,Yes,Never,Blue Room,No,Paper,Several times a week,Prefer not to answer,No,The left image
2025/11/18 12:04:35 PM EST,2029,White,"Life Sciences (e.g. Biology, Chemistry);Physical Sciences (e.g. Engineering, Computer Science)",Man,No,No,Unsure,No,Within the last three days,Verney-Wooley (V-dub),Yes,iPad or digital notebook,Once a day or more,About the same,No,The left image
2025/11/18 12:11:14 PM EST,2029,Hispanic or Latino,"Humanities/Arts (e.g. English, History);Social Sciences (e.g. Economics, Political Science)",Woman,No,No,Unsure,no,Never,Andrews Commons,Yes,I don't take notes,Weekly,More likely,No,Prefer not to answer
2025/11/18 12:16:32 PM EST,2026.5,Black,"Physical Sciences (e.g. Engineering, Computer Science);Social Sciences (e.g. Economics, Political Science)",Woman,No,No,No,Yes,Within the last three days,Andrews Commons,No,iPad or digital notebook,Several times a week,About the same,I have never had a romantic partner,The right image
2025/11/18 12:19:27 PM EST,2029,Hispanic or Latino;White,"Life Sciences (e.g. Biology, Chemistry)",Woman,No,No,No,no,Prefer not to answer,Josiah's (Jo's),No,Laptop,Several times a week,About the same,I have never had a romantic partner,The right image
2025/11/18 12:19:31 PM EST,2026,Asian,"Social Sciences (e.g. Economics, Political Science)",Woman,Yes,Yes,No,Yes,"Within the last month, or longer",Josiah's (Jo's),No,Paper,Several times a week,Less likely,No,The left image
2025/11/18 12:20:52 PM EST,2029,Hispanic or Latino;White,"Physical Sciences (e.g. Engineering, Computer Science);Social Sciences (e.g. Economics, Political Science)",Man,No,No,Yes,No,"Within the last month, or longer",Andrews Commons,No,iPad or digital notebook,Once a day or more,About the same,No,Prefer not to answer
2025/11/18 12:22:20 PM EST,2028,Asian,"Social Sciences (e.g. Economics, Political Science)",Man,No,No,Yes,No,Within the last three days,Sharpe Refectory (Ratty),No,iPad or digital notebook,Less than once a week,About the same,Yes,The right image
2025/11/18 12:39:53 PM EST,2029,Asian,"Physical Sciences (e.g. Engineering, Computer Science);Social Sciences (e.g. Economics, Political Science)",Man,No,Yes,Unsure,yes,"Within the last month, or longer",Ivy Room,No,Paper,Several times a week,Less likely,No,The left image
2025/11/18 12:42:34 PM EST,2029,Middle Eastern or North African,"Physical Sciences (e.g. Engineering, Computer Science)",Man,No,No,Yes,yes,Within the last week,Ivy Room,No,Paper,Less than once a week,Less likely,Unsure,The right image
2025/11/18 12:50:18 PM EST,2029,Asian;White,"Humanities/Arts (e.g. English, History);Social Sciences (e.g. Economics, Political Science)",Woman,Unsure,Unsure,Unsure,yes,"Within the last month, or longer",Sharpe Refectory (Ratty),No,Paper,Several times a week,About the same,Unsure,The right image
2025/11/18 12:54:18 PM EST,2029,Native American or Alaska Native;Native Hawaiian or Pacific Islander;White,"Humanities/Arts (e.g. English, History);Life Sciences (e.g. Biology, Chemistry)",Man,Yes,No,Unsure,Prefer not to answer,Unsure,Sharpe Refectory (Ratty),No,Paper,Several times a week,Less likely,I have never had a romantic partner,The left image
2025/11/18 12:54:33 PM EST,2027,Prefer not to answer,"Humanities/Arts (e.g. English, History);Life Sciences (e.g. Biology, Chemistry)",Woman,Yes,No,No,yes,"Within the last month, or longer",Sharpe Refectory (Ratty),No,Paper,Less than once a week,About the same,I have never had a romantic partner,The right image
2025/11/18 1:02:48 PM EST,2028,Asian,"Physical Sciences (e.g. Engineering, Computer Science);Social Sciences (e.g. Economics, Political Science)",Woman,No,Yes,Yes,no,Never,Blue Room,No,iPad or digital notebook,Once a day or more,Unsure,No,The left image
2025/11/18 1:07:01 PM EST,2028,Asian,"Life Sciences (e.g. Biology, Chemistry);Physical Sciences (e.g. Engineering, Computer Science)",Man,Yes,Unsure,No,Yes,Today,Blue Room,No,iPad or digital notebook,Once a day or more,Unsure,I have never had a romantic partner,The left image
2025/11/18 1:11:24 PM EST,2025.5,Asian,"Physical Sciences (e.g. Engineering, Computer Science)",Man,No,Yes,Yes,no,"Within the last month, or longer",Sharpe Refectory (Ratty),No,iPad or digital notebook,Weekly,Less likely,No,The left image
2025/11/18 1:13:03 PM EST,2029,Prefer not to answer,"Humanities/Arts (e.g. English, History);Physical Sciences (e.g. Engineering, Computer Science)",Man,No,No,Unsure,Prefer not to answer,"Within the last month, or longer",Andrews Commons,No,iPad or digital notebook,Less than once a week,About the same,No,The left image
2025/11/18 1:13:08 PM EST,2029,White,"Humanities/Arts (e.g. English, History);Social Sciences (e.g. Economics, Political Science)",Man,No,Yes,Unsure,No,Unsure,Blue Room,No,Paper,Once a day or more,Unsure,No,The right image
2025/11/18 1:15:00 PM EST,2026,White,"Physical Sciences (e.g. Engineering, Computer Science)",Woman,No,No,Unsure,yes,Never,Unsure,No,iPad or digital notebook,Weekly,Prefer not to answer,I have never had a romantic partner,The right image
2025/11/18 1:17:42 PM EST,2029,Black,"Physical Sciences (e.g. Engineering, Computer Science)",Woman,No,No,Yes,Prefer not to answer,Never,Unsure,No,Paper,Weekly,Less likely,No,The right image
2025/11/18 1:18:08 PM EST,2028,Asian,"Life Sciences (e.g. Biology, Chemistry)",Man,No,No,No,Prefer not to answer,"Within the last month, or longer",Blue Room,No,iPad or digital notebook,Several times a week,About the same,No,The left image
2025/11/18 1:18:16 PM EST,2027,Black,"Social Sciences (e.g. Economics, Political Science)",Woman,Unsure,No,No,Prefer not to answer,"Within the last month, or longer",Andrews Commons,No,iPad or digital notebook,Weekly,Less likely,No,The right image
2025/11/18 1:18:47 PM EST,2027,Black,"Social Sciences (e.g. Economics, Political Science)",Woman,No,No,No,Yes,"Within the last month, or longer",Barus and Holley Cafe,No,Laptop,Less than once a week,Less likely,I have never had a romantic partner,The left image
2025/11/18 1:21:10 PM EST,2027,White,"Physical Sciences (e.g. Engineering, Computer Science);Social Sciences (e.g. Economics, Political Science)",Man,No,No,Unsure,No,Prefer not to answer,Blue Room,Yes,Laptop,Several times a week,Unsure,No,Prefer not to answer
2025/11/18 1:22:06 PM EST,2026,White,"Physical Sciences (e.g. Engineering, Computer Science)",Man,No,Yes,Yes,No,Within the last three days,Sharpe Refectory (Ratty),No,iPad or digital notebook,Several times a week,About the same,No,Prefer not to answer
2025/11/18 1:23:26 PM EST,2029,Asian,"Physical Sciences (e.g. Engineering, Computer Science)",Man,Yes,No,No,no,Never,Andrews Commons,No,Paper,Several times a week,Less likely,No,The left image
2025/11/18 1:24:53 PM EST,2029,White,"Physical Sciences (e.g. Engineering, Computer Science)",Woman,No,Yes,Unsure,No,Never,Blue Room,No,iPad or digital notebook,Several times a week,Less likely,No,The left image
2025/11/18 1:25:00 PM EST,2029,Asian;White,"Physical Sciences (e.g. Engineering, Computer Science)",Man,No,No,Yes,Unsure,Within the last week,Ivy Room,Yes,I don't take notes,Once a day or more,Unsure,No,The right image
2025/11/18 1:27:40 PM EST,2027,White,"Life Sciences (e.g. Biology, Chemistry)",Man,No,Yes,Unsure,Yes,"Within the last month, or longer",Sharpe Refectory (Ratty),Yes,iPad or digital notebook,Several times a week,About the same,No,The right image
2025/11/18 1:28:50 PM EST,2026,White,"Humanities/Arts (e.g. English, History);Physical Sciences (e.g. Engineering, Computer Science)",Woman,Yes,No,No,yes,"Within the last month, or longer",Unsure,No,iPad or digital notebook,Less than once a week,About the same,No,The right image
2025/11/18 1:29:36 PM EST,2027,Black,"Physical Sciences (e.g. Engineering, Computer Science);Social Sciences (e.g. Economics, Political Science)",Woman,Unsure,Yes,Unsure,Yes,Unsure,Ivy Room,No,iPad or digital notebook,Weekly,About the same,No,The right image
2025/11/18 1:35:54 PM EST,2028,Asian,"Life Sciences (e.g. Biology, Chemistry)",Man,No,No,No,no,Prefer not to answer,Andrews Commons,No,Laptop,Weekly,Unsure,I have never had a romantic partner,The right image
2025/11/18 1:42:21 PM EST,2028,Asian,"Humanities/Arts (e.g. English, History);Life Sciences (e.g. Biology, Chemistry)",Woman,Yes,No,No,Prefer not to answer,Prefer not to answer,Sharpe Refectory (Ratty),Unsure,iPad or digital notebook,Several times a week,About the same,I have never had a romantic partner,The right image
2025/11/18 1:45:06 PM EST,2029,Asian;White,"Life Sciences (e.g. Biology, Chemistry);Social Sciences (e.g. Economics, Political Science)",Woman,No,Yes,Yes,Yes,Unsure,Andrews Commons,No,iPad or digital notebook,Several times a week,About the same,No,The left image
2025/11/18 1:45:10 PM EST,2027,White,"Physical Sciences (e.g. Engineering, Computer Science)",Man,Yes,Yes,Unsure,No,Within the last three days,Sharpe Refectory (Ratty),No,iPad or digital notebook,Once a day or more,Less likely,No,The left image
2025/11/18 1:45:12 PM EST,2029,Asian,"Life Sciences (e.g. Biology, Chemistry);Social Sciences (e.g. Economics, Political Science)",Man,Yes,Unsure,Yes,Yes,Never,Blue Room,Yes,Paper,Several times a week,Less likely,No,The left image
2025/11/18 1:46:35 PM EST,2025.5,Asian;White,"Physical Sciences (e.g. Engineering, Computer Science);Social Sciences (e.g. Economics, Political Science)",Man,No,No,Yes,No,Today,Andrews Commons,No,Paper,Several times a week,About the same,No,The left image
2025/11/18 1:49:01 PM EST,2027,Middle Eastern or North African,"Physical Sciences (e.g. Engineering, Computer Science)",Woman,No,Yes,No,No,Never,Ivy Room,No,iPad or digital notebook,Less than once a week,More likely,Yes,The left image
2025/11/18 1:51:19 PM EST,2028,Asian,"Humanities/Arts (e.g. English, History)",Woman,Yes,No,No,Prefer not to answer,Never,Unsure,Yes,iPad or digital notebook,Weekly,Unsure,No,The right image
2025/11/18 1:52:05 PM EST,2029,White,"Social Sciences (e.g. Economics, Political Science)",Woman,No,No,Yes,Yes,Never,Blue Room,No,Paper,Once a day or more,Less likely,Unsure,The left image
2025/11/18 1:53:10 PM EST,2029,Prefer not to answer,"Physical Sciences (e.g. Engineering, Computer Science)",Prefer not to answer,Prefer not to answer,Prefer not to answer,No,Yes,"Within the last month, or longer",Barus and Holley Cafe,No,iPad or digital notebook,Several times a week,Unsure,I have never had a romantic partner,The right image
2025/11/18 1:57:47 PM EST,2029,Asian,"Physical Sciences (e.g. Engineering, Computer Science)",Man,No,Yes,Unsure,No,Never,Josiah's (Jo's),No,Laptop,Once a day or more,Unsure,Unsure,The left image
2025/11/18 1:58:55 PM EST,2028,Middle Eastern or North African,"Social Sciences (e.g. Economics, Political Science)",Man,No,No,Yes,Yes,"Within the last month, or longer",Verney-Wooley (V-dub),Yes,Paper,Once a day or more,About the same,No,The left image
2025/11/18 2:01:15 PM EST,2026,White,"Life Sciences (e.g. Biology, Chemistry)",Woman,Yes,No,Yes,Yes,"Within the last month, or longer",Sharpe Refectory (Ratty),No,iPad or digital notebook,Less than once a week,Prefer not to answer,Unsure,The right image
2025/11/18 2:03:43 PM EST,2027,White,"Humanities/Arts (e.g. English, History)",Woman,Unsure,No,Unsure,No,Within the last week,Josiah's (Jo's),No,Paper,Several times a week,About the same,Unsure,The left image
2025/11/18 2:06:50 PM EST,2029,Black;White,"Social Sciences (e.g. Economics, Political Science)",Man,No,No,Yes,Yes,"Within the last month, or longer",Ivy Room,No,Laptop,Several times a week,About the same,Yes,The left image
2025/11/18 2:06:58 PM EST,2028,White,"Physical Sciences (e.g. Engineering, Computer Science)",Man,No,No,Unsure,No,"Within the last month, or longer",Sharpe Refectory (Ratty),No,iPad or digital notebook,Several times a week,About the same,No,The left image
2025/11/18 2:08:52 PM EST,2029,White,"Humanities/Arts (e.g. English, History);Life Sciences (e.g. Biology, Chemistry)",Man,No,No,Prefer not to answer,No,Prefer not to answer,Sharpe Refectory (Ratty),No,Paper,Several times a week,About the same,Prefer not to answer,Prefer not to answer
2025/11/18 2:13:09 PM EST,2029,White,"Life Sciences (e.g. Biology, Chemistry)",Woman,No,No,Yes,Yes,Unsure,Verney-Wooley (V-dub),Yes,iPad or digital notebook,Several times a week,About the same,I have never had a romantic partner,The right image
2025/11/18 2:13:56 PM EST,2028,Asian,"Social Sciences (e.g. Economics, Political Science)",Woman,Yes,No,Unsure,Yes,Prefer not to answer,Andrews Commons,Yes,Laptop,Less than once a week,About the same,Yes,The left image
2025/11/18 2:14:06 PM EST,2026,Hispanic or Latino,"Social Sciences (e.g. Economics, Political Science)",Woman,No,No,No,Yes,Never,Sharpe Refectory (Ratty),No,iPad or digital notebook,Several times a week,About the same,Unsure,The left image
2025/11/18 2:15:00 PM EST,2028,White,"Life Sciences (e.g. Biology, Chemistry)",Man,No,No,Yes,Yes,Within the last three days,Blue Room,No,Laptop,Less than once a week,About the same,No,The left image
2025/11/18 2:17:02 PM EST,2028,Asian,"Physical Sciences (e.g. Engineering, Computer Science)",Woman,No,No,No,Yes,Never,Andrews Commons,No,iPad or digital notebook,Less than once a week,Unsure,No,The left image
2025/11/18 2:18:32 PM EST,2028,Black,"Physical Sciences (e.g. Engineering, Computer Science);Social Sciences (e.g. Economics, Political Science)",Woman,Yes,No,Yes,No,"Within the last month, or longer",Josiah's (Jo's),No,iPad or digital notebook,Weekly,About the same,No,The left image
2025/11/18 2:18:36 PM EST,2028,White,"Life Sciences (e.g. Biology, Chemistry)",Woman,Unsure,No,Unsure,No,Within the last week,Verney-Wooley (V-dub),No,Paper,Several times a week,About the same,I have never had a romantic partner,The left image
2025/11/18 2:20:32 PM EST,2027,Asian,"Humanities/Arts (e.g. English, History);Physical Sciences (e.g. Engineering, Computer Science)",Man,Yes,No,Unsure,Unsure,Unsure,Unsure,No,I don't take notes,Less than once a week,Unsure,Unsure,The left image
2025/11/18 2:21:27 PM EST,2028,Asian,"Life Sciences (e.g. Biology, Chemistry)",Man,No,Yes,Yes,No,Prefer not to answer,Ivy Room,No,I don't take notes,Weekly,Unsure,No,The left image
2025/11/18 2:21:28 PM EST,2028,Asian;Black,"Life Sciences (e.g. Biology, Chemistry)",Man;Unsure,No,Yes,Yes,Yes,Unsure,Sharpe Refectory (Ratty),No,iPad or digital notebook,Once a day or more,Unsure,Yes,The left image
2025/11/18 2:22:38 PM EST,2026,Middle Eastern or North African,"Physical Sciences (e.g. Engineering, Computer Science)",Man,No,No,Yes,Yes,Within the last three days,Sharpe Refectory (Ratty),No,iPad or digital notebook,Several times a week,About the same,No,The right image
2025/11/18 2:24:24 PM EST,2026,Asian,"Physical Sciences (e.g. Engineering, Computer Science)",Man,No,No,No,No,Within the last three days,Sharpe Refectory (Ratty),No,I don't take notes,Unsure,About the same,Unsure,The left image
2025/11/18 2:25:02 PM EST,2028,Asian;White,"Life Sciences (e.g. Biology, Chemistry)",Man,No,No,Yes,Yes,Within the last week,Ivy Room,No,Paper,Several times a week,Unsure,No,The left image
2025/11/18 2:26:29 PM EST,2028,Black;Hispanic or Latino;White,"Life Sciences (e.g. Biology, Chemistry);Physical Sciences (e.g. Engineering, Computer Science)",Man,No,No,Yes,No,Within the last three days,Verney-Wooley (V-dub),No,Paper,Once a day or more,About the same,I have never had a romantic partner,The right image
2025/11/18 2:26:44 PM EST,2026,Hispanic or Latino;White,"Life Sciences (e.g. Biology, Chemistry);Social Sciences (e.g. Economics, Political Science)",Woman,No,Yes,Unsure,Yes,"Within the last month, or longer",Andrews Commons,No,iPad or digital notebook,Weekly,Less likely,No,The right image
2025/11/18 2:27:21 PM EST,2027,Hispanic or Latino,"Physical Sciences (e.g. Engineering, Computer Science)",Woman,No,Yes,Unsure,No,Never,Sharpe Refectory (Ratty),Yes,iPad or digital notebook,Several times a week,Less likely,No,The right image
2025/11/18 2:28:30 PM EST,2029,Hispanic or Latino;White,"Physical Sciences (e.g. Engineering, Computer Science)",Woman,Yes,Yes,Yes,Yes,"Within the last month, or longer",Verney-Wooley (V-dub),No,iPad or digital notebook,Several times a week,About the same,No,The right image
2025/11/18 2:29:15 PM EST,2028,Asian,"Social Sciences (e.g. Economics, Political Science)",Man,No,No,Yes,Prefer not to answer,Prefer not to answer,Prefer not to answer,Prefer not to answer,Prefer not to answer,Prefer not to answer,Prefer not to answer,Prefer not to answer,The left image
2025/11/18 2:30:14 PM EST,2027,Asian;White,"Physical Sciences (e.g. Engineering, Computer Science);Social Sciences (e.g. Economics, Political Science)",Man,Yes,Yes,Yes,Yes,Within the last week,Verney-Wooley (V-dub),No,iPad or digital notebook,Several times a week,Less likely,No,The left image
2025/11/18 2:32:01 PM EST,2029,Asian,"Life Sciences (e.g. Biology, Chemistry)",Woman,No,No,Yes,Yes,Never,Andrews Commons,Yes,iPad or digital notebook,Less than once a week,About the same,Yes,The left image
2025/11/18 2:33:00 PM EST,2027,Asian,"Physical Sciences (e.g. Engineering, Computer Science)",Man,No,No,Yes,Yes,Within the last three days,Sharpe Refectory (Ratty),No,Paper,Weekly,Less likely,Unsure,The left image
2025/11/18 2:33:41 PM EST,2029,Asian,"Physical Sciences (e.g. Engineering, Computer Science)",Man,No,Yes,No,No,"Within the last month, or longer",Ivy Room,No,I don't take notes,Several times a week,Unsure,No,The left image
2025/11/18 2:34:05 PM EST,2027,Asian,"Physical Sciences (e.g. Engineering, Computer Science)",Woman,No,No,No,Yes,"Within the last month, or longer",Sharpe Refectory (Ratty),No,iPad or digital notebook,Several times a week,Less likely,Unsure,The right image
2025/11/18 2:34:45 PM EST,2028,Asian,"Physical Sciences (e.g. Engineering, Computer Science)",Man,No,No,Yes,Yes,"Within the last month, or longer",Sharpe Refectory (Ratty),No,I don't take notes,Once a day or more,Less likely,No,The left image
2025/11/18 2:35:25 PM EST,2029,Hispanic or Latino,"Life Sciences (e.g. Biology, Chemistry)",Woman,No,No,No,Yes,Never,Ivy Room,No,Paper,Several times a week,Less likely,No,The left image
2025/11/18 2:37:04 PM EST,2028,White,"Humanities/Arts (e.g. English, History)",Man,No,No,No,Yes,"Within the last month, or longer",Sharpe Refectory (Ratty),Yes,Laptop,Once a day or more,About the same,I have never had a romantic partner,The left image
2025/11/18 2:39:10 PM EST,2029,Asian,"Social Sciences (e.g. Economics, Political Science)",Woman,No,No,Unsure,Yes,Never,Ivy Room,No,Paper,Less than once a week,Less likely,No,The right image
2025/11/18 2:39:33 PM EST,2029,Asian,"Life Sciences (e.g. Biology, Chemistry)",Man,No,No,No,No,Today,Andrews Commons,No,iPad or digital notebook,Several times a week,About the same,No,The right image
2025/11/18 2:39:40 PM EST,2028,Asian;White,"Humanities/Arts (e.g. English, History)",Woman,No,No,Prefer not to answer,No,Never,Ivy Room,No,Laptop,Several times a week,About the same,No,The left image
2025/11/18 2:40:57 PM EST,2028,Asian;Black;Hispanic or Latino;Middle Eastern or North African;Native American or Alaska Native;Native Hawaiian or Pacific Islander;White,"Humanities/Arts (e.g. English, History);Life Sciences (e.g. Biology, Chemistry);Physical Sciences (e.g. Engineering, Computer Science);Social Sciences (e.g. Economics, Political Science);Prefer not to answer",Woman;Man;Non-binary;Other,Yes,Yes,Yes,Yes,Today,Verney-Wooley (V-dub),Yes,Laptop,Once a day or more,Less likely,Unsure,The right image
2025/11/18 2:42:24 PM EST,2028,Asian,"Physical Sciences (e.g. Engineering, Computer Science)",Man,No,Yes,Unsure,Yes,Unsure,Barus and Holley Cafe,No,Paper,Several times a week,About the same,No,The right image
2025/11/18 2:42:43 PM EST,2027,Black,"Social Sciences (e.g. Economics, Political Science)",Man,No,No,No,No,Today,Andrews Commons,Yes,Laptop,Less than once a week,Less likely,No,The left image
2025/11/18 2:44:51 PM EST,2028,Asian;Hispanic or Latino,"Physical Sciences (e.g. Engineering, Computer Science)",Man,No,Yes,Yes,Yes,"Within the last month, or longer",Verney-Wooley (V-dub),No,iPad or digital notebook,Several times a week,Less likely,No,The left image
2025/11/18 2:45:03 PM EST,2027,Asian,"Humanities/Arts (e.g. English, History);Physical Sciences (e.g. Engineering, Computer Science)",Woman,Yes,Yes,Yes,No,Within the last three days,Blue Room,No,Paper,Several times a week,About the same,No,The left image
2025/11/18 2:45:30 PM EST,2027,Asian,"Physical Sciences (e.g. Engineering, Computer Science)",Woman;Man;Non-binary;Other;Unsure,Yes,No,No,No,Within the last three days,Verney-Wooley (V-dub),No,Paper,Less than once a week,Less likely,No,The left image
2025/11/18 2:45:58 PM EST,2028,Asian,"Life Sciences (e.g. Biology, Chemistry);Physical Sciences (e.g. Engineering, Computer Science)",Man,No,No,No,No,Today,Verney-Wooley (V-dub),No,Unsure,Weekly,Unsure,Unsure,The right image
2025/11/18 2:48:13 PM EST,2029,Asian,"Life Sciences (e.g. Biology, Chemistry)",Man,No,No,Yes,Yes,"Within the last month, or longer",Andrews Commons,No,iPad or digital notebook,Several times a week,About the same,No,The right image
2025/11/18 2:49:00 PM EST,2029,White,"Humanities/Arts (e.g. English, History)",Woman;Man;Non-binary,Yes,No,Unsure,Yes,Within the last three days,Josiah's (Jo's),No,Paper,Less than once a week,Less likely,Unsure,The left image
2025/11/18 2:49:02 PM EST,2029,White,"Social Sciences (e.g. Economics, Political Science)",Man,Yes,No,Yes,No,Within the last three days,Andrews Commons,No,Laptop,Weekly,About the same,Yes,The left image
2025/11/18 2:52:03 PM EST,2028,Asian,"Physical Sciences (e.g. Engineering, Computer Science)",Man,No,Yes,No,Yes,Within the last week,Andrews Commons,Yes,iPad or digital notebook,Several times a week,More likely,No,The left image
2025/11/18 2:54:33 PM EST,2028,Asian,"Social Sciences (e.g. Economics, Political Science)",Woman,No,No,Yes,Yes,Never,Sharpe Refectory (Ratty),No,Paper,Less than once a week,More likely,No,The right image
2025/11/18 2:54:59 PM EST,2029,White,"Life Sciences (e.g. Biology, Chemistry)",Woman,No,No,Unsure,Yes,Never,Ivy Room,No,Paper,Several times a week,Unsure,No,The right image
2025/11/18 2:55:53 PM EST,2029,Asian,"Physical Sciences (e.g. Engineering, Computer Science)",Man,Yes,No,Unsure,No,Within the last week,Ivy Room,No,Laptop,Less than once a week,Unsure,No,Prefer not to answer
2025/11/18 2:57:25 PM EST,2029,Hispanic or Latino,"Social Sciences (e.g. Economics, Political Science)",Man,Yes,No,No,Yes,Today,Andrews Commons,Yes,Paper,Several times a week,About the same,Yes,The right image
2025/11/18 3:00:29 PM EST,2028,White,"Social Sciences (e.g. Economics, Political Science)",Man,No,No,Yes,Yes,Never,Verney-Wooley (V-dub),No,I don't take notes,Less than once a week,Unsure,No,The right image
2025/11/18 3:03:39 PM EST,2029,Asian;White,"Humanities/Arts (e.g. English, History);Social Sciences (e.g. Economics, Political Science)",Woman,Yes,No,Yes,Yes,Never,Sharpe Refectory (Ratty),Yes,Laptop,Several times a week,Less likely,I have never had a romantic partner,The left image
2025/11/18 3:06:24 PM EST,2026,Black;White,"Life Sciences (e.g. Biology, Chemistry)",Woman,No,Yes,No,Yes,Never,Andrews Commons,No,iPad or digital notebook,Several times a week,Less likely,No,The left image
2025/11/18 3:08:47 PM EST,2028,Asian,"Humanities/Arts (e.g. English, History)",Woman,Yes,Yes,Yes,Prefer not to answer,Never,Verney-Wooley (V-dub),Yes,iPad or digital notebook,Once a day or more,About the same,Yes,The left image
2025/11/18 3:09:42 PM EST,2027,Asian,"Life Sciences (e.g. Biology, Chemistry)",Woman,Yes,No,No,Yes,Never,Andrews Commons,No,iPad or digital notebook,Several times a week,About the same,No,The left image
2025/11/18 3:09:55 PM EST,2027,White,"Physical Sciences (e.g. Engineering, Computer Science)",Man,No,Yes,Yes,Yes,Never,Josiah's (Jo's),No,I don't take notes,Once a day or more,About the same,No,The left image
2025/11/18 3:12:26 PM EST,2029,White,"Physical Sciences (e.g. Engineering, Computer Science)",Man,Yes,No,Unsure,Yes,"Within the last month, or longer",Sharpe Refectory (Ratty),Unsure,Paper,Unsure,Unsure,No,The right image
2025/11/18 3:12:33 PM EST,2029,Asian,"Humanities/Arts (e.g. English, History);Social Sciences (e.g. Economics, Political Science)",Man,No,Yes,Yes,No,"Within the last month, or longer",Andrews Commons,No,Paper,Several times a week,About the same,No,The right image
2025/11/18 3:13:15 PM EST,2029,White,"Physical Sciences (e.g. Engineering, Computer Science)",Woman,Yes,No,No,No,Within the last week,Sharpe Refectory (Ratty),Unsure,Paper,Prefer not to answer,Less likely,Yes,The left image
2025/11/18 3:17:48 PM EST,2029,White,"Life Sciences (e.g. Biology, Chemistry)",Man,No,Yes,Yes,Yes,Never,Ivy Room,No,Laptop,Weekly,About the same,No,The right image
2025/11/18 3:19:47 PM EST,2028,Asian,"Physical Sciences (e.g. Engineering, Computer Science)",Woman,No,No,Yes,Yes,Prefer not to answer,Ivy Room,No,iPad or digital notebook,Less than once a week,About the same,No,The left image
2025/11/18 3:21:37 PM EST,2026,Asian,"Life Sciences (e.g. Biology, Chemistry);Social Sciences (e.g. Economics, Political Science)",Woman,No,Yes,Yes,Yes,Unsure,Blue Room,No,Laptop,Less than once a week,Less likely,No,The left image
2025/11/18 3:22:48 PM EST,2028,Asian,"Physical Sciences (e.g. Engineering, Computer Science)",Man,No,Yes,Yes,No,"Within the last month, or longer",Andrews Commons,No,iPad or digital notebook,Weekly,Less likely,No,The left image
2025/11/18 3:24:53 PM EST,2029,Black,"Social Sciences (e.g. Economics, Political Science)",Woman,Yes,Unsure,No,No,"Within the last month, or longer",Andrews Commons,No,Paper,Weekly,About the same,No,The right image
2025/11/18 3:26:20 PM EST,2028,White,"Life Sciences (e.g. Biology, Chemistry);Physical Sciences (e.g. Engineering, Computer Science)",Woman,Yes,No,Yes,No,Within the last week,Verney-Wooley (V-dub),Yes,Paper,Several times a week,About the same,I have never had a romantic partner,Prefer not to answer
2025/11/18 3:28:34 PM EST,2029,Asian,"Physical Sciences (e.g. Engineering, Computer Science)",Man,No,No,Unsure,Yes,Prefer not to answer,Andrews Commons,Yes,iPad or digital notebook,Several times a week,More likely,I have never had a romantic partner,The left image
2025/11/18 3:28:37 PM EST,2027,White,"Humanities/Arts (e.g. English, History)",Woman,No,No,Unsure,No,Unsure,Verney-Wooley (V-dub),No,Paper,Weekly,About the same,Yes,The right image
2025/11/18 3:29:45 PM EST,2026,Asian;White,"Humanities/Arts (e.g. English, History);Social Sciences (e.g. Economics, Political Science)",Man,Yes,No,Unsure,Yes,Today,Unsure,No,Paper,Less than once a week,Less likely,No,The left image
2025/11/18 3:33:08 PM EST,2029,Asian,"Physical Sciences (e.g. Engineering, Computer Science)",Woman,No,No,Unsure,Yes,Today,Andrews Commons,No,iPad or digital notebook,Several times a week,About the same,No,The right image
2025/11/18 3:34:26 PM EST,2029,Asian,"Physical Sciences (e.g. Engineering, Computer Science)",Woman,Yes,No,No,Yes,Never,Andrews Commons,No,Paper,Several times a week,Unsure,I have never had a romantic partner,The left image
2025/11/18 3:35:18 PM EST,2026,Black,"Physical Sciences (e.g. Engineering, Computer Science);Social Sciences (e.g. Economics, Political Science)",Man,Prefer not to answer,No,Unsure,No,Within the last week,Verney-Wooley (V-dub),No,Laptop,Several times a week,Less likely,I have never had a romantic partner,The left image
2025/11/18 3:35:22 PM EST,2029,Asian,"Humanities/Arts (e.g. English, History);Life Sciences (e.g. Biology, Chemistry)",Woman,Yes,No,No,Yes,Prefer not to answer,Verney-Wooley (V-dub),No,Laptop,Less than once a week,About the same,Prefer not to answer,The left image
2025/11/18 3:38:03 PM EST,2029,Asian;White,"Humanities/Arts (e.g. English, History)",Man,Yes,No,No,No,Within the last week,Andrews Commons,No,Paper,Less than once a week,Less likely,No,The right image
2025/11/18 3:39:52 PM EST,2026,White,"Social Sciences (e.g. Economics, Political Science)",Man,Yes,No,Unsure,Yes,"Within the last month, or longer",Blue Room,No,iPad or digital notebook,Several times a week,Prefer not to answer,Unsure,The left image
2025/11/18 3:41:18 PM EST,2029,Asian,"Social Sciences (e.g. Economics, Political Science)",Woman,No,Yes,No,Yes,Never,Andrews Commons,No,Paper,Several times a week,About the same,No,The right image
2025/11/18 3:41:20 PM EST,2029,Asian,"Social Sciences (e.g. Economics, Political Science)",Man,No,No,Yes,No,Prefer not to answer,Verney-Wooley (V-dub),No,iPad or digital notebook,Several times a week,About the same,Yes,The left image
2025/11/18 3:42:46 PM EST,2026,Hispanic or Latino,"Social Sciences (e.g. Economics, Political Science)",Man,No,Yes,No,No,Within the last week,Sharpe Refectory (Ratty),No,iPad or digital notebook,Once a day or more,About the same,No,The right image
2025/11/18 3:44:43 PM EST,2028,Black,"Humanities/Arts (e.g. English, History)",Woman,No,No,Yes,Unsure,Prefer not to answer,Ivy Room,No,Unsure,Less than once a week,More likely,No,Prefer not to answer
2025/11/18 3:45:19 PM EST,2026,White,"Humanities/Arts (e.g. English, History);Social Sciences (e.g. Economics, Political Science)",Non-binary,Yes,Yes,Unsure,No,Within the last week,Verney-Wooley (V-dub),Unsure,Paper,Weekly,About the same,No,The left image
2025/11/18 3:48:35 PM EST,2029,White,"Life Sciences (e.g. Biology, Chemistry);Physical Sciences (e.g. Engineering, Computer Science)",Woman,No,No,Yes,Yes,"Within the last month, or longer",Verney-Wooley (V-dub),No,iPad or digital notebook,Several times a week,About the same,Yes,The right image
2025/11/18 3:49:24 PM EST,2027,Asian,"Social Sciences (e.g. Economics, Political Science)",Woman,No,Yes,Unsure,No,Never,Sharpe Refectory (Ratty),No,I don't take notes,Several times a week,About the same,No,The left image
2025/11/18 3:51:41 PM EST,2027,Asian,"Physical Sciences (e.g. Engineering, Computer Science)",Woman,No,No,No,Yes,Within the last week,Josiah's (Jo's),No,iPad or digital notebook,Several times a week,About the same,No,The right image
2025/11/18 3:53:48 PM EST,2028,White,"Social Sciences (e.g. Economics, Political Science)",Woman,Yes,No,No,Yes,Within the last three days,Blue Room,No,Laptop,Less than once a week,About the same,Unsure,The left image
2025/11/18 3:54:28 PM EST,2026,Asian,"Humanities/Arts (e.g. English, History);Physical Sciences (e.g. Engineering, Computer Science)",Woman,Unsure,Yes,No,No,"Within the last month, or longer",Unsure,No,iPad or digital notebook,Less than once a week,Less likely,No,The right image
2025/11/18 3:56:03 PM EST,2028,Black,"Social Sciences (e.g. Economics, Political Science)",Man;Non-binary,Yes,No,No,Yes,Today,Andrews Commons,No,Laptop,Less than once a week,About the same,No,The left image
2025/11/18 3:56:16 PM EST,2026,Hispanic or Latino,"Life Sciences (e.g. Biology, Chemistry)",Woman,Yes,Yes,Yes,Yes,Unsure,Ivy Room,No,Laptop,Weekly,Less likely,No,The left image
2025/11/18 3:58:01 PM EST,2028,Asian,"Physical Sciences (e.g. Engineering, Computer Science);Social Sciences (e.g. Economics, Political Science)",Man,No,No,No,No,"Within the last month, or longer",Sharpe Refectory (Ratty),No,Paper,Several times a week,Less likely,I have never had a romantic partner,The right image
2025/11/18 3:58:38 PM EST,2029,Prefer not to answer,"Physical Sciences (e.g. Engineering, Computer Science);Social Sciences (e.g. Economics, Political Science)",Non-binary,Yes,Yes,No,No,Prefer not to answer,Ivy Room,No,iPad or digital notebook,Less than once a week,Less likely,No,The left image
2025/11/18 4:00:06 PM EST,2028,Black,"Social Sciences (e.g. Economics, Political Science)",Woman,Yes,No,Unsure,Yes,Unsure,Andrews Commons,No,Paper,Less than once a week,Less likely,No,The left image
2025/11/18 4:00:52 PM EST,2027,Asian,"Social Sciences (e.g. Economics, Political Science)",Woman,No,No,No,No,Never,Verney-Wooley (V-dub),No,iPad or digital notebook,Several times a week,Less likely,No,The right image
2025/11/18 4:01:23 PM EST,2028,White,"Physical Sciences (e.g. Engineering, Computer Science)",Non-binary,Yes,No,Unsure,Yes,Within the last three days,Barus and Holley Cafe,No,Paper,Less than once a week,About the same,Yes,The left image
2025/11/18 5:46:45 PM EST,2027,White,"Humanities/Arts (e.g. English, History)",Woman,No,No,No,Yes,Within the last three days,Ivy Room,Yes,Paper,Several times a week,Less likely,No,The right image
2025/11/19 10:10:24 AM EST,2027,White,"Social Sciences (e.g. Economics, Political Science)",Man,Yes,No,Yes,Yes,Within the last week,Andrews Commons,No,iPad or digital notebook,Less than once a week,Unsure,No,The right image
2025/11/19 10:17:56 AM EST,2027,Hispanic or Latino;White,"Social Sciences (e.g. Economics, Political Science)",Woman,Yes,No,No,No,Within the last week,Verney-Wooley (V-dub),No,Paper,Less than once a week,Less likely,Yes,The right image
2025/11/19 10:24:12 AM EST,2026,White,"Life Sciences (e.g. Biology, Chemistry);Physical Sciences (e.g. Engineering, Computer Science)",Non-binary,Yes,No,Yes,No,Never,Andrews Commons,No,Paper,Weekly,Prefer not to answer,No,The left image
2025/11/19 10:25:24 AM EST,2028,White,"Social Sciences (e.g. Economics, Political Science)",Man,No,No,Yes,Yes,Prefer not to answer,Andrews Commons,No,Laptop,Several times a week,About the same,No,The left image
2025/11/19 10:32:38 AM EST,2028,Black,"Physical Sciences (e.g. Engineering, Computer Science)",Man,No,No,Unsure,No,"Within the last month, or longer",Verney-Wooley (V-dub),No,Paper,Weekly,About the same,No,The right image
2025/11/19 11:15:34 AM EST,2027,Hispanic or Latino;White,"Social Sciences (e.g. Economics, Political Science)",Woman,Yes,No,No,Yes,"Within the last month, or longer",Sharpe Refectory (Ratty),No,Laptop,Several times a week,Less likely,No,The left image
2025/11/19 11:17:58 AM EST,2027,Asian;White,"Physical Sciences (e.g. Engineering, Computer Science)",Woman,No,Yes,Yes,Yes,Never,Blue Room,Yes,iPad or digital notebook,Several times a week,About the same,No,The left image
2025/11/19 11:25:02 AM EST,2027,White,"Life Sciences (e.g. Biology, Chemistry)",Woman,No,Yes,Yes,No,Never,Sharpe Refectory (Ratty),Yes,iPad or digital notebook,Once a day or more,Unsure,No,The left image
2025/11/19 11:28:50 AM EST,2027,Asian,"Physical Sciences (e.g. Engineering, Computer Science)",Woman,Yes,No,Unsure,No,Never,Ivy Room,No,Paper,Several times a week,Less likely,No,The right image
2025/11/19 11:29:05 AM EST,2026,Asian,"Humanities/Arts (e.g. English, History);Social Sciences (e.g. Economics, Political Science)",Woman,No,No,Yes,Yes,Never,Andrews Commons,Yes,iPad or digital notebook,Several times a week,Prefer not to answer,No,The left image
2025/11/19 11:30:45 AM EST,2026,Asian,"Physical Sciences (e.g. Engineering, Computer Science);Social Sciences (e.g. Economics, Political Science)",Man,No,No,Yes,Yes,"Within the last month, or longer",Andrews Commons,Yes,Paper,Weekly,Unsure,No,The left image
2025/11/19 11:30:45 AM EST,2029,Middle Eastern or North African;White,"Physical Sciences (e.g. Engineering, Computer Science)",Man,No,No,No,Yes,Never,Verney-Wooley (V-dub),No,Laptop,Once a day or more,More likely,No,The left image
2025/11/19 11:32:26 AM EST,2028,White,"Humanities/Arts (e.g. English, History)",Woman,No,No,Yes,No,Never,Sharpe Refectory (Ratty),No,Paper,Several times a week,Unsure,No,The left image
2025/11/19 11:37:14 AM EST,2028,Asian;White,"Social Sciences (e.g. Economics, Political Science)",Man,No,No,Yes,No,Never,Unsure,No,iPad or digital notebook,Several times a week,Unsure,Unsure,The right image
2025/11/19 11:37:39 AM EST,2028,Asian,"Social Sciences (e.g. Economics, Political Science)",Man,Yes,No,Yes,Yes,Within the last week,Ivy Room,No,iPad or digital notebook,Several times a week,About the same,No,The right image
2025/11/19 11:41:53 AM EST,2029,Asian,"Social Sciences (e.g. Economics, Political Science)",Woman,No,No,No,Yes,Never,Andrews Commons,No,I don't take notes,Less than once a week,Prefer not to answer,No,The left image
2025/11/19 11:42:04 AM EST,2028,Asian,"Physical Sciences (e.g. Engineering, Computer Science)",Man,No,No,Unsure,No,"Within the last month, or longer",Verney-Wooley (V-dub),No,iPad or digital notebook,Several times a week,Unsure,No,The left image
2025/11/19 11:51:26 AM EST,2028,Hispanic or Latino;White,"Humanities/Arts (e.g. English, History)",Woman,No,Yes,Yes,Yes,Within the last week,Verney-Wooley (V-dub),No,iPad or digital notebook,Weekly,About the same,No,Prefer not to answer
2025/11/19 12:05:38 PM EST,2029,Asian,"Humanities/Arts (e.g. English, History);Life Sciences (e.g. Biology, Chemistry)",Woman,Yes,No,Unsure,No,Never,Andrews Commons,No,Paper,Less than once a week,Less likely,No,The left image
2025/11/19 12:13:35 PM EST,2028,White,"Social Sciences (e.g. Economics, Political Science)",Man,No,No,Unsure,Unsure,"Within the last month, or longer",Verney-Wooley (V-dub),No,Paper,Weekly,About the same,Prefer not to answer,The right image
2025/11/19 12:20:57 PM EST,2028,Black,"Physical Sciences (e.g. Engineering, Computer Science)",Man,No,No,Yes,Yes,Never,Sharpe Refectory (Ratty),Yes,iPad or digital notebook,Less than once a week,Unsure,I have never had a romantic partner,The left image
2025/11/19 12:23:15 PM EST,2026,White,"Social Sciences (e.g. Economics, Political Science)",Man;Non-binary,Yes,No,No,Yes,Within the last three days,Andrews Commons,No,Paper,Less than once a week,About the same,Yes,The left image
2025/11/19 12:30:44 PM EST,2029,Asian,"Life Sciences (e.g. Biology, Chemistry)",Woman,No,No,No,No,Unsure,Sharpe Refectory (Ratty),No,iPad or digital notebook,Several times a week,Less likely,I have never had a romantic partner,The left image
2025/11/19 12:33:58 PM EST,2028,Asian,"Life Sciences (e.g. Biology, Chemistry)",Woman,No,No,Yes,No,Never,Andrews Commons,Yes,iPad or digital notebook,Less than once a week,Less likely,I have never had a romantic partner,The left image
2025/11/19 12:36:59 PM EST,2029,Hispanic or Latino;White,"Humanities/Arts (e.g. English, History);Life Sciences (e.g. Biology, Chemistry)",Woman,Yes,Unsure,Yes,Yes,Within the last week,Barus and Holley Cafe,No,iPad or digital notebook,Several times a week,Less likely,No,The left image
2025/11/19 12:38:35 PM EST,2029,White,"Social Sciences (e.g. Economics, Political Science)",Woman,No,No,Yes,No,Never,Andrews Commons,No,iPad or digital notebook,Once a day or more,About the same,No,The right image
2025/11/19 12:40:48 PM EST,2027,Asian,"Life Sciences (e.g. Biology, Chemistry)",Woman,Prefer not to answer,No,No,Yes,Prefer not to answer,Sharpe Refectory (Ratty),No,iPad or digital notebook,Less than once a week,About the same,No,The left image
2025/11/19 12:45:38 PM EST,2029,White,"Humanities/Arts (e.g. English, History)",Non-binary,Yes,No,Unsure,Yes,Never,Andrews Commons,No,Paper,Less than once a week,Less likely,I have never had a romantic partner,The left image
2025/11/19 12:51:23 PM EST,2029,Asian;White,"Humanities/Arts (e.g. English, History)",Man,Unsure,No,Yes,Yes,"Within the last month, or longer",Josiah's (Jo's),No,Laptop,Several times a week,About the same,No,The right image
2025/11/19 12:55:08 PM EST,2027,Asian,"Humanities/Arts (e.g. English, History);Life Sciences (e.g. Biology, Chemistry)",Woman,No,No,Unsure,No,Never,Blue Room,Yes,Paper,Less than once a week,Less likely,No,The left image
2025/11/19 12:57:42 PM EST,2029,Asian,"Humanities/Arts (e.g. English, History);Physical Sciences (e.g. Engineering, Computer Science)",Woman,Yes,No,Yes,Yes,Within the last three days,Ivy Room,No,Paper,Less than once a week,Less likely,No,The left image
2025/11/19 1:02:20 PM EST,2028,Asian;White,"Humanities/Arts (e.g. English, History);Life Sciences (e.g. Biology, Chemistry)",Woman,No,No,Yes,Yes,Never,Andrews Commons,No,iPad or digital notebook,Less than once a week,Less likely,No,The right image
2025/11/19 1:02:49 PM EST,2028,White,"Social Sciences (e.g. Economics, Political Science)",Woman,No,Yes,Unsure,Yes,Never,Sharpe Refectory (Ratty),No,iPad or digital notebook,Weekly,About the same,No,The right image
2025/11/19 1:04:29 PM EST,2027,Asian,"Social Sciences (e.g. Economics, Political Science)",Woman,Yes,No,No,Yes,"Within the last month, or longer",Barus and Holley Cafe,No,Laptop,Weekly,Less likely,No,The right image
2025/11/19 1:07:57 PM EST,2028,Asian,"Life Sciences (e.g. Biology, Chemistry);Physical Sciences (e.g. Engineering, Computer Science)",Woman,No,No,Prefer not to answer,Yes,Unsure,Andrews Commons,No,Laptop,Several times a week,About the same,No,The left image
2025/11/19 1:21:08 PM EST,2029,Hispanic or Latino;White,"Life Sciences (e.g. Biology, Chemistry);Social Sciences (e.g. Economics, Political Science)",Woman,Unsure,No,Unsure,No,Within the last three days,Ivy Room,No,Laptop,Less than once a week,About the same,No,The right image
2025/11/19 1:21:24 PM EST,2027,Black,"Humanities/Arts (e.g. English, History);Social Sciences (e.g. Economics, Political Science)",Man,No,No,No,Yes,Within the last week,Andrews Commons,No,Paper,Once a day or more,Prefer not to answer,Yes,The left image
2025/11/19 1:23:57 PM EST,2029,Hispanic or Latino;White,"Life Sciences (e.g. Biology, Chemistry)",Man,Yes,No,Yes,Yes,Prefer not to answer,Verney-Wooley (V-dub),No,Laptop,Several times a week,Unsure,No,The right image
2025/11/19 1:24:06 PM EST,2028,Asian,"Life Sciences (e.g. Biology, Chemistry)",Woman,No,No,Unsure,No,Never,Andrews Commons,No,Laptop,Weekly,About the same,I have never had a romantic partner,The right image
2025/11/19 1:28:00 PM EST,2029,Asian,"Social Sciences (e.g. Economics, Political Science)",Woman,Yes,No,Unsure,No,"Within the last month, or longer",Ivy Room,No,Laptop,Several times a week,About the same,No,Prefer not to answer
2025/11/19 1:28:08 PM EST,2029,Asian,"Humanities/Arts (e.g. English, History)",Woman,No,No,No,Yes,"Within the last month, or longer",Ivy Room,Yes,Laptop,Less than once a week,Less likely,No,The left image
2025/11/19 1:30:25 PM EST,2028,Asian,"Life Sciences (e.g. Biology, Chemistry)",Woman,Unsure,No,Unsure,Yes,Unsure,Andrews Commons,No,iPad or digital notebook,Once a day or more,Less likely,No,The left image
2025/11/19 1:33:30 PM EST,2026,White,"Physical Sciences (e.g. Engineering, Computer Science);Social Sciences (e.g. Economics, Political Science)",Man,No,No,Yes,Yes,Within the last week,Barus and Holley Cafe,Yes,Paper,Several times a week,Less likely,Unsure,The left image
2025/11/19 1:33:32 PM EST,2026,White,"Social Sciences (e.g. Economics, Political Science)",Man,Yes,Unsure,Yes,Yes,"Within the last month, or longer",Andrews Commons,No,iPad or digital notebook,Once a day or more,Less likely,No,The right image
2025/11/19 1:36:22 PM EST,2027,Asian,"Physical Sciences (e.g. Engineering, Computer Science)",Man,No,No,No,No,Within the last three days,Sharpe Refectory (Ratty),No,iPad or digital notebook,Less than once a week,Less likely,No,The left image
2025/11/19 1:38:24 PM EST,2027,Asian,"Physical Sciences (e.g. Engineering, Computer Science)",Man,No,Prefer not to answer,Yes,No,Unsure,Andrews Commons,No,I don't take notes,Several times a week,About the same,I have never had a romantic partner,The right image
2025/11/19 1:40:57 PM EST,2029,Asian,"Life Sciences (e.g. Biology, Chemistry)",Man,No,No,Unsure,Yes,Within the last week,Sharpe Refectory (Ratty),No,Laptop,Less than once a week,Unsure,Yes,The left image
2025/11/19 1:41:42 PM EST,2029,Black,"Physical Sciences (e.g. Engineering, Computer Science);Social Sciences (e.g. Economics, Political Science)",Man,No,No,Yes,No,Prefer not to answer,Sharpe Refectory (Ratty),No,Paper,Once a day or more,About the same,No,The right image
2025/11/19 1:45:54 PM EST,2028,Black,Prefer not to answer,Man,No,No,Yes,Yes,"Within the last month, or longer",Verney-Wooley (V-dub),No,Paper,Several times a week,Unsure,Yes,The left image
2025/11/19 1:47:18 PM EST,2026,Asian,"Life Sciences (e.g. Biology, Chemistry)",Woman,No,No,Yes,No,Never,Andrews Commons,No,Paper,Weekly,About the same,Prefer not to answer,The left image
2025/11/19 1:47:46 PM EST,2026,Asian,"Physical Sciences (e.g. Engineering, Computer Science)",Man,No,No,Unsure,No,Within the last three days,Andrews Commons,Yes,I don't take notes,Several times a week,About the same,No,The left image
2025/11/19 1:51:14 PM EST,2029,Asian,"Life Sciences (e.g. Biology, Chemistry)",Woman,No,No,No,No,Never,Ivy Room,No,iPad or digital notebook,Less than once a week,About the same,Yes,Prefer not to answer
2025/11/19 1:51:45 PM EST,2029,White,"Physical Sciences (e.g. Engineering, Computer Science)",Woman,No,No,Yes,No,Prefer not to answer,Ivy Room,Yes,Paper,Prefer not to answer,Unsure,Yes,The left image
2025/11/19 1:54:55 PM EST,2028,White,"Life Sciences (e.g. Biology, Chemistry)",Woman,Yes,No,No,Yes,"Within the last month, or longer",Blue Room,No,iPad or digital notebook,Several times a week,Less likely,No,The right image
2025/11/19 1:55:06 PM EST,2029,Middle Eastern or North African,"Social Sciences (e.g. Economics, Political Science)",Woman,No,No,Yes,No,Unsure,Sharpe Refectory (Ratty),Yes,iPad or digital notebook,Once a day or more,More likely,Yes,The left image
2025/11/19 1:56:35 PM EST,2027,Black;White,"Social Sciences (e.g. Economics, Political Science)",Man,No,No,No,No,Unsure,Sharpe Refectory (Ratty),No,Laptop,Weekly,Unsure,No,The right image
2025/11/19 1:56:46 PM EST,2029,Asian,"Physical Sciences (e.g. Engineering, Computer Science)",Man,Unsure,No,No,Yes,"Within the last month, or longer",Sharpe Refectory (Ratty),No,iPad or digital notebook,Several times a week,About the same,No,The right image
2025/11/19 2:05:56 PM EST,2029,White,"Life Sciences (e.g. Biology, Chemistry);Physical Sciences (e.g. Engineering, Computer Science)",Woman,Prefer not to answer,No,Yes,Yes,Never,Ivy Room,Yes,iPad or digital notebook,Several times a week,About the same,I have never had a romantic partner,The left image
2025/11/19 2:26:51 PM EST,2028,Asian,"Life Sciences (e.g. Biology, Chemistry);Physical Sciences (e.g. Engineering, Computer Science)",Man,Yes,No,Unsure,Yes,Within the last three days,Ivy Room,No,Paper,Several times a week,Less likely,I have never had a romantic partner,The left image
2025/11/19 2:28:24 PM EST,2028,White,"Humanities/Arts (e.g. English, History)",Man,No,Yes,No,Yes,"Within the last month, or longer",Sharpe Refectory (Ratty),No,Laptop,Less than once a week,About the same,Unsure,The right image
2025/11/19 2:31:09 PM EST,2026,White,"Humanities/Arts (e.g. English, History)",Woman,Yes,No,No,Yes,Prefer not to answer,Unsure,No,Laptop,Several times a week,About the same,No,The right image
2025/11/19 2:32:59 PM EST,2028,Asian,"Physical Sciences (e.g. Engineering, Computer Science)",Man,Prefer not to answer,No,Yes,No,Within the last week,Andrews Commons,Yes,I don't take notes,Less than once a week,About the same,I have never had a romantic partner,The left image
2025/11/19 2:49:26 PM EST,2028,Asian,"Humanities/Arts (e.g. English, History)",Woman,No,No,Yes,No,Never,Andrews Commons,Yes,iPad or digital notebook,Less than once a week,Less likely,I have never had a romantic partner,The right image
2025/11/19 2:52:18 PM EST,2029,Black,"Life Sciences (e.g. Biology, Chemistry)",Woman,No,Unsure,Yes,No,Unsure,Andrews Commons,No,Paper,Several times a week,About the same,No,The left image
2025/11/19 2:56:43 PM EST,2026,Hispanic or Latino,"Social Sciences (e.g. Economics, Political Science)",Man,Yes,Unsure,No,No,Within the last three days,Josiah's (Jo's),No,iPad or digital notebook,Weekly,About the same,I have never had a romantic partner,The left image
2025/11/19 3:01:51 PM EST,2029,Black,"Humanities/Arts (e.g. English, History)",Woman,Yes,No,No,No,"Within the last month, or longer",Unsure,No,iPad or digital notebook,Unsure,Less likely,No,The right image
2025/11/19 3:06:10 PM EST,2028,Asian;Hispanic or Latino,"Social Sciences (e.g. Economics, Political Science)",Woman,Yes,No,No,No,"Within the last month, or longer",Blue Room,No,Paper,Less than once a week,Prefer not to answer,No,The right image
2025/11/19 3:06:50 PM EST,2028,Asian,"Humanities/Arts (e.g. English, History);Life Sciences (e.g. Biology, Chemistry)",Man,No,Yes,No,No,"Within the last month, or longer",Verney-Wooley (V-dub),No,iPad or digital notebook,Several times a week,Unsure,No,The right image
2025/11/19 3:08:27 PM EST,2028.5,Asian,"Humanities/Arts (e.g. English, History)",Woman;Man,Yes,Yes,Yes,Yes,Within the last three days,Andrews Commons,No,Laptop,Several times a week,Unsure,Yes,The left image
2025/11/19 3:11:12 PM EST,2029,White,"Humanities/Arts (e.g. English, History);Social Sciences (e.g. Economics, Political Science)",Non-binary,Yes,No,Unsure,Yes,Never,Verney-Wooley (V-dub),No,Paper,Several times a week,Less likely,No,The right image
2025/11/19 3:17:54 PM EST,2029,Asian,"Life Sciences (e.g. Biology, Chemistry)",Woman,No,No,Yes,Yes,"Within the last month, or longer",Verney-Wooley (V-dub),Yes,iPad or digital notebook,Several times a week,Less likely,No,The left image
2025/11/19 3:20:12 PM EST,2027,Asian,"Social Sciences (e.g. Economics, Political Science)",Woman,No,Yes,Yes,Yes,Unsure,Unsure,No,Paper,Weekly,Unsure,No,The right image
2025/11/19 3:23:13 PM EST,2029,White,"Life Sciences (e.g. Biology, Chemistry)",Woman,No,No,Yes,No,Never,Blue Room,Yes,Laptop,Once a day or more,Unsure,I have never had a romantic partner,The right image
2025/11/19 3:25:31 PM EST,2028,White,"Humanities/Arts (e.g. English, History);Physical Sciences (e.g. Engineering, Computer Science)",Man,No,Yes,Unsure,No,Never,Andrews Commons,No,Paper,Several times a week,Unsure,No,The left image
2025/11/19 3:28:31 PM EST,2029,White,"Humanities/Arts (e.g. English, History);Social Sciences (e.g. Economics, Political Science)",Woman,Unsure,No,No,Yes,"Within the last month, or longer",Verney-Wooley (V-dub),No,Laptop,Weekly,About the same,Yes,The left image
2025/11/19 3:29:54 PM EST,2026,White,"Physical Sciences (e.g. Engineering, Computer Science)",Man,No,No,Yes,Yes,Within the last three days,Verney-Wooley (V-dub),No,Paper,Once a day or more,More likely,Yes,Prefer not to answer
2025/11/19 3:29:54 PM EST,2026,White,"Physical Sciences (e.g. Engineering, Computer Science)",Man,No,Yes,Yes,Yes,Within the last three days,Andrews Commons,No,Paper,Once a day or more,About the same,Yes,The left image
2025/11/19 3:32:08 PM EST,2029,Black;White,"Physical Sciences (e.g. Engineering, Computer Science);Social Sciences (e.g. Economics, Political Science)",Man,No,No,Unsure,Yes,"Within the last month, or longer",Verney-Wooley (V-dub),No,Paper,Once a day or more,Less likely,No,The left image
2025/11/19 3:33:02 PM EST,2029,Asian,"Social Sciences (e.g. Economics, Political Science)",Man,No,No,Yes,Yes,Prefer not to answer,Verney-Wooley (V-dub),No,Paper,Once a day or more,Unsure,No,The right image
2025/11/19 3:35:18 PM EST,2029,Asian,"Humanities/Arts (e.g. English, History)",Woman,Yes,No,Unsure,No,Unsure,Andrews Commons,No,Laptop,Unsure,About the same,I have never had a romantic partner,The right image
2025/11/19 3:35:23 PM EST,2029,Asian,"Physical Sciences (e.g. Engineering, Computer Science);Social Sciences (e.g. Economics, Political Science)",Man,No,Yes,Yes,No,Within the last three days,Andrews Commons,No,iPad or digital notebook,Weekly,Less likely,No,The left image
2025/11/19 3:40:16 PM EST,2029,Asian,"Humanities/Arts (e.g. English, History)",Woman,No,No,No,No,Never,Blue Room,No,Laptop,Several times a week,Less likely,No,The right image
2025/11/19 3:41:32 PM EST,2027,White,"Humanities/Arts (e.g. English, History);Social Sciences (e.g. Economics, Political Science)",Man,No,Yes,Unsure,Yes,Within the last three days,Andrews Commons,No,Paper,Less than once a week,About the same,No,The left image
2025/11/19 3:42:36 PM EST,2028,White,"Social Sciences (e.g. Economics, Political Science)",Man,No,Yes,Yes,Yes,Within the last week,Ivy Room,No,Laptop,Several times a week,About the same,No,The right image
2025/11/19 3:43:27 PM EST,2028,White,"Social Sciences (e.g. Economics, Political Science)",Man,No,Yes,Unsure,Yes,"Within the last month, or longer",Sharpe Refectory (Ratty),No,Laptop,Several times a week,About the same,Yes,The right image
2025/11/19 3:47:43 PM EST,2028,Asian,"Humanities/Arts (e.g. English, History)",Man,Yes,No,Yes,Yes,"Within the last month, or longer",Sharpe Refectory (Ratty),No,Laptop,Several times a week,About the same,No,The left image
2025/11/19 3:50:17 PM EST,2029,Hispanic or Latino;White,"Physical Sciences (e.g. Engineering, Computer Science)",Woman,No,Yes,Prefer not to answer,No,Never,Verney-Wooley (V-dub),No,Paper,Several times a week,Unsure,No,The left image
2025/11/19 3:53:28 PM EST,2027,Black,"Life Sciences (e.g. Biology, Chemistry)",Woman,No,Yes,No,Yes,Within the last week,Unsure,No,I don't take notes,Several times a week,About the same,No,The left image
2025/11/19 3:54:02 PM EST,2029,Asian,"Social Sciences (e.g. Economics, Political Science)",Woman,Yes,Unsure,Unsure,No,Never,Josiah's (Jo's),No,Laptop,Several times a week,About the same,No,The left image
2025/11/19 3:54:46 PM EST,2026,Black;White,"Physical Sciences (e.g. Engineering, Computer Science);Social Sciences (e.g. Economics, Political Science)",Man,No,No,Yes,Yes,"Within the last month, or longer",Andrews Commons,Yes,iPad or digital notebook,Once a day or more,Less likely,Yes,The right image
2025/11/19 3:57:07 PM EST,2029,Hispanic or Latino,"Physical Sciences (e.g. Engineering, Computer Science);Social Sciences (e.g. Economics, Political Science)",Man,No,No,Unsure,Unsure,"Within the last month, or longer",Sharpe Refectory (Ratty),No,Paper,Weekly,Unsure,No,The left image
2025/11/19 3:58:41 PM EST,2028,Asian,"Life Sciences (e.g. Biology, Chemistry)",Man,No,No,No,Yes,Within the last week,Andrews Commons,Yes,Paper,Several times a week,Less likely,I have never had a romantic partner,The left image
2025/11/19 3:59:02 PM EST,2026,Asian,"Humanities/Arts (e.g. English, History)",Man,No,No,Yes,Yes,Within the last week,Andrews Commons,No,iPad or digital notebook,Less than once a week,Unsure,Yes,The left image
2025/11/20 10:36:13 AM EST,2028.5,Hispanic or Latino,"Social Sciences (e.g. Economics, Political Science)",Man,No,Yes,Yes,Yes,Within the last three days,Verney-Wooley (V-dub),No,I don't take notes,Unsure,About the same,No,The right image
2025/11/20 10:52:04 AM EST,2026,Black,"Social Sciences (e.g. Economics, Political Science)",Man,No,Yes,Yes,Yes,Prefer not to answer,Andrews Commons,No,Laptop,Weekly,Less likely,No,The left image
2025/11/20 11:04:38 AM EST,2028,Asian,"Physical Sciences (e.g. Engineering, Computer Science)",Man,No,No,Unsure,Yes,Within the last week,Andrews Commons,No,Laptop,Several times a week,Less likely,Yes,The left image
2025/11/20 11:07:08 AM EST,2026,White,"Physical Sciences (e.g. Engineering, Computer Science);Social Sciences (e.g. Economics, Political Science)",Man,No,No,Yes,Yes,"Within the last month, or longer",Sharpe Refectory (Ratty),Yes,iPad or digital notebook,Once a day or more,About the same,Yes,The left image
2025/11/20 11:08:25 AM EST,2026,White,"Life Sciences (e.g. Biology, Chemistry);Social Sciences (e.g. Economics, Political Science)",Man,No,Yes,Yes,Unsure,"Within the last month, or longer",Sharpe Refectory (Ratty),No,I don't take notes,Weekly,More likely,No,The left image
2025/11/20 11:26:52 AM EST,2029,Asian,"Humanities/Arts (e.g. English, History);Social Sciences (e.g. Economics, Political Science)",Woman,No,No,No,No,"Within the last month, or longer",Blue Room,No,Laptop,Less than once a week,About the same,I have never had a romantic partner,The right image
2025/11/20 11:27:36 AM EST,2028,Asian,"Life Sciences (e.g. Biology, Chemistry)",Woman,Yes,No,Unsure,No,"Within the last month, or longer",Andrews Commons,No,iPad or digital notebook,Several times a week,Less likely,Unsure,The right image
2025/11/20 11:28:45 AM EST,2028,Asian,"Life Sciences (e.g. Biology, Chemistry);Social Sciences (e.g. Economics, Political Science)",Man,No,No,Yes,No,"Within the last month, or longer",Andrews Commons,No,iPad or digital notebook,Several times a week,About the same,No,The left image
2025/11/20 11:49:07 AM EST,2026,Native Hawaiian or Pacific Islander,Prefer not to answer,Man;Non-binary,Yes,Yes,No,Yes,Within the last week,Andrews Commons,Yes,Paper,Several times a week,Unsure,No,The left image
2025/11/20 11:49:50 AM EST,2028,White,"Life Sciences (e.g. Biology, Chemistry)",Woman,Yes,No,Yes,Yes,"Within the last month, or longer",Verney-Wooley (V-dub),Yes,iPad or digital notebook,Several times a week,Less likely,Yes,The right image
2025/11/20 11:54:25 AM EST,2028,White,"Humanities/Arts (e.g. English, History);Physical Sciences (e.g. Engineering, Computer Science)",Man,No,No,Yes,No,Never,Sharpe Refectory (Ratty),No,iPad or digital notebook,Once a day or more,About the same,Yes,The right image
2025/11/20 11:56:38 AM EST,2027.5,White,"Social Sciences (e.g. Economics, Political Science)",Woman,No,No,Unsure,Yes,"Within the last month, or longer",Sharpe Refectory (Ratty),No,iPad or digital notebook,Weekly,About the same,No,The right image
2025/11/20 12:01:43 PM EST,2028,Asian,"Humanities/Arts (e.g. English, History)",Man,No,No,Yes,No,Today,Andrews Commons,No,iPad or digital notebook,Less than once a week,Unsure,No,The left image
2025/11/20 12:04:54 PM EST,2026,Asian,"Physical Sciences (e.g. Engineering, Computer Science)",Man,No,No,Yes,No,Prefer not to answer,Sharpe Refectory (Ratty),No,Laptop,Several times a week,Less likely,Yes,The left image
2025/11/20 12:06:17 PM EST,2027,White,"Physical Sciences (e.g. Engineering, Computer Science)",Woman,Yes,No,Yes,Yes,Within the last week,Verney-Wooley (V-dub),No,iPad or digital notebook,Weekly,About the same,No,The right image
2025/11/20 12:10:28 PM EST,2026,White,"Humanities/Arts (e.g. English, History)",Woman,No,No,Yes,Yes,"Within the last month, or longer",Verney-Wooley (V-dub),Yes,Laptop,Several times a week,Less likely,Unsure,The left image
2025/11/20 12:11:25 PM EST,2027,White,"Humanities/Arts (e.g. English, History);Life Sciences (e.g. Biology, Chemistry)",Woman,No,No,Yes,Yes,"Within the last month, or longer",Sharpe Refectory (Ratty),Yes,Laptop,Several times a week,About the same,No,The left image
2025/11/20 12:17:59 PM EST,2027,White,"Physical Sciences (e.g. Engineering, Computer Science)",Man,No,No,Yes,Yes,Never,Verney-Wooley (V-dub),No,iPad or digital notebook,Less than once a week,About the same,No,The right image
2025/11/20 12:21:30 PM EST,2029,Middle Eastern or North African,"Life Sciences (e.g. Biology, Chemistry)",Woman,No,No,No,No,Never,Sharpe Refectory (Ratty),No,I don't take notes,Several times a week,Unsure,No,The left image
2025/11/20 12:23:43 PM EST,2028,White,"Social Sciences (e.g. Economics, Political Science)",Man,Yes,No,Unsure,Yes,Within the last week,Blue Room,No,Paper,Several times a week,About the same,No,The right image
2025/11/20 12:25:14 PM EST,2028,Black;White,"Social Sciences (e.g. Economics, Political Science)",Woman,No,Yes,No,No,Never,Blue Room,No,iPad or digital notebook,Several times a week,About the same,No,The left image
2025/11/20 12:27:36 PM EST,2027,Asian;White,"Humanities/Arts (e.g. English, History)",Woman,Yes,No,No,No,"Within the last month, or longer",Blue Room,No,Laptop,Less than once a week,Less likely,Yes,The left image
2025/11/20 12:31:47 PM EST,2026.5,White,"Social Sciences (e.g. Economics, Political Science)",Man,No,No,No,No,Never,Andrews Commons,No,Paper,Once a day or more,Unsure,No,Prefer not to answer
2025/11/20 12:34:45 PM EST,2028,Hispanic or Latino,"Humanities/Arts (e.g. English, History)",Woman,Yes,Yes,Unsure,Yes,"Within the last month, or longer",Ivy Room,No,iPad or digital notebook,Several times a week,About the same,No,The left image
2025/11/20 12:42:11 PM EST,2029,Black;White,"Physical Sciences (e.g. Engineering, Computer Science);Social Sciences (e.g. Economics, Political Science)",Man,No,No,Unsure,Yes,"Within the last month, or longer",Josiah's (Jo's),No,Paper,Several times a week,Unsure,No,The right image
2025/11/20 12:42:14 PM EST,2029,Middle Eastern or North African,"Physical Sciences (e.g. Engineering, Computer Science)",Man,No,No,No,No,"Within the last month, or longer",Andrews Commons,No,iPad or digital notebook,Once a day or more,Unsure,No,The left image
2025/11/20 12:49:56 PM EST,2027,White,"Social Sciences (e.g. Economics, Political Science)",Man,No,No,Unsure,Yes,Within the last three days,Verney-Wooley (V-dub),No,Laptop,Several times a week,About the same,No,The left image
2025/11/20 12:52:02 PM EST,2026,White,"Physical Sciences (e.g. Engineering, Computer Science);Social Sciences (e.g. Economics, Political Science)",Man,No,No,Unsure,Yes,"Within the last month, or longer",Sharpe Refectory (Ratty),No,Paper,Weekly,Unsure,No,The left image
2025/11/20 12:53:30 PM EST,2027,Asian;White,"Physical Sciences (e.g. Engineering, Computer Science)",Woman,No,Yes,Yes,Yes,"Within the last month, or longer",Sharpe Refectory (Ratty),No,Paper,Several times a week,About the same,No,The right image
2025/11/20 12:56:10 PM EST,2027,Asian;White,"Life Sciences (e.g. Biology, Chemistry);Physical Sciences (e.g. Engineering, Computer Science)",Man,No,Yes,Yes,Yes,Within the last week,Verney-Wooley (V-dub),No,Paper,Less than once a week,Unsure,No,The left image
2025/11/20 12:58:08 PM EST,2027,White,"Physical Sciences (e.g. Engineering, Computer Science)",Man,Yes,No,Unsure,Yes,"Within the last month, or longer",Sharpe Refectory (Ratty),No,iPad or digital notebook,Several times a week,About the same,No,The right image
2025/11/20 1:01:37 PM EST,2027,Middle Eastern or North African,"Physical Sciences (e.g. Engineering, Computer Science)",Man,No,No,Yes,No,Prefer not to answer,Sharpe Refectory (Ratty),Yes,I don't take notes,Several times a week,Less likely,No,The left image
2025/11/20 1:13:29 PM EST,2028,White,"Humanities/Arts (e.g. English, History)",Man,Yes,Yes,No,Yes,Within the last week,Ivy Room,No,Laptop,Several times a week,More likely,Yes,The left image
2025/11/20 1:28:54 PM EST,2028,White,"Physical Sciences (e.g. Engineering, Computer Science)",Woman,Yes,No,Yes,No,"Within the last month, or longer",Sharpe Refectory (Ratty),No,iPad or digital notebook,Weekly,Less likely,No,The left image
2025/11/20 1:46:50 PM EST,2027,Asian,"Social Sciences (e.g. Economics, Political Science)",Man,Yes,No,Yes,Yes,"Within the last month, or longer",Andrews Commons,No,Paper,Weekly,About the same,Yes,The left image
2025/11/20 1:47:22 PM EST,2028,Middle Eastern or North African;White,"Social Sciences (e.g. Economics, Political Science)",Woman,Yes,No,Yes,No,Never,Andrews Commons,Yes,Laptop,Less than once a week,About the same,Yes,The right image
2025/11/20 1:51:22 PM EST,2029,Black;Hispanic or Latino,"Humanities/Arts (e.g. English, History);Social Sciences (e.g. Economics, Political Science)",Man,Yes,No,Yes,No,Within the last three days,Josiah's (Jo's),No,Paper,Less than once a week,About the same,I have never had a romantic partner,The left image
2025/11/20 1:52:43 PM EST,2026.5,Hispanic or Latino,"Life Sciences (e.g. Biology, Chemistry)",Woman,Yes,Yes,No,Yes,Never,Andrews Commons,No,Laptop,Once a day or more,More likely,No,The left image
2025/11/20 1:55:44 PM EST,2028,White,"Social Sciences (e.g. Economics, Political Science)",Woman,No,No,No,Yes,"Within the last month, or longer",Sharpe Refectory (Ratty),No,Paper,Several times a week,About the same,Unsure,The right image
2025/11/20 1:56:42 PM EST,2027,Asian,"Humanities/Arts (e.g. English, History)",Woman,No,No,Yes,No,Within the last three days,Blue Room,No,Paper,Several times a week,About the same,Yes,The right image
2025/11/20 1:57:22 PM EST,2027,Black;Hispanic or Latino,"Social Sciences (e.g. Economics, Political Science)",Woman,No,No,Unsure,Yes,Within the last three days,Blue Room,No,Paper,Several times a week,More likely,Yes,The left image
2025/11/20 1:59:16 PM EST,2027,Black;Hispanic or Latino;White,"Humanities/Arts (e.g. English, History);Social Sciences (e.g. Economics, Political Science)",Woman,Yes,No,No,No,Prefer not to answer,Andrews Commons,Yes,iPad or digital notebook,Less than once a week,Less likely,Yes,The right image
2025/11/20 1:59:39 PM EST,2027,White,"Humanities/Arts (e.g. English, History);Physical Sciences (e.g. Engineering, Computer Science)",Woman,Yes,No,Yes,Yes,Never,Ivy Room,No,I don't take notes,Several times a week,Less likely,No,The left image
2025/11/20 1:59:45 PM EST,2026,Asian;White,"Physical Sciences (e.g. Engineering, Computer Science)",Man,No,No,Yes,No,"Within the last month, or longer",Sharpe Refectory (Ratty),Yes,I don't take notes,Several times a week,Unsure,No,The right image
2025/11/20 2:00:39 PM EST,2027,Black;Hispanic or Latino,"Social Sciences (e.g. Economics, Political Science)",Woman,Prefer not to answer,Unsure,Yes,Yes,Within the last week,Andrews Commons,No,iPad or digital notebook,Several times a week,Less likely,No,The right image
2025/11/20 2:01:06 PM EST,2027.5,Black;Hispanic or Latino,"Humanities/Arts (e.g. English, History)",Woman,Yes,No,Unsure,Yes,"Within the last month, or longer",Ivy Room,No,iPad or digital notebook,Less than once a week,About the same,No,The right image
2025/11/20 2:02:38 PM EST,2028,Asian,"Social Sciences (e.g. Economics, Political Science)",Man,No,No,Yes,Yes,"Within the last month, or longer",Josiah's (Jo's),Yes,Laptop,Several times a week,About the same,No,The left image
2025/11/20 2:03:42 PM EST,2029,Asian;White,"Physical Sciences (e.g. Engineering, Computer Science)",Man,No,No,Yes,Yes,Prefer not to answer,Andrews Commons,Yes,iPad or digital notebook,Several times a week,Less likely,Unsure,The left image
2025/11/20 2:05:31 PM EST,2026,White,"Life Sciences (e.g. Biology, Chemistry)",Woman,No,Yes,Yes,Yes,Never,Verney-Wooley (V-dub),No,Paper,Several times a week,Less likely,Yes,The left image
2025/11/20 2:07:00 PM EST,2027,Black,"Life Sciences (e.g. Biology, Chemistry);Physical Sciences (e.g. Engineering, Computer Science)",Woman,Yes,No,No,No,Never,Ivy Room,No,Paper,Less than once a week,About the same,I have never had a romantic partner,The right image
2025/11/20 2:08:21 PM EST,2027,Middle Eastern or North African,"Physical Sciences (e.g. Engineering, Computer Science)",Man,No,Yes,Yes,No,Unsure,Sharpe Refectory (Ratty),No,I don't take notes,Several times a week,Unsure,No,The right image
2025/11/20 2:10:20 PM EST,2026,Asian,"Physical Sciences (e.g. Engineering, Computer Science);Social Sciences (e.g. Economics, Political Science)",Man,No,No,Yes,No,Within the last three days,Verney-Wooley (V-dub),No,Laptop,Several times a week,Prefer not to answer,No,The left image
2025/11/20 2:13:03 PM EST,2027,Prefer not to answer,"Humanities/Arts (e.g. English, History);Physical Sciences (e.g. Engineering, Computer Science)",Man,Yes,No,No,Yes,"Within the last month, or longer",Sharpe Refectory (Ratty),No,Paper,Several times a week,About the same,I have never had a romantic partner,The left image
2025/11/20 2:14:49 PM EST,2026,Asian,"Humanities/Arts (e.g. English, History);Social Sciences (e.g. Economics, Political Science)",Man,No,No,Yes,Yes,"Within the last month, or longer",Sharpe Refectory (Ratty),No,Laptop,Several times a week,About the same,I have never had a romantic partner,The left image
2025/11/20 2:18:50 PM EST,2028,Asian,"Physical Sciences (e.g. Engineering, Computer Science)",Woman,No,Yes,No,No,Prefer not to answer,Ivy Room,No,iPad or digital notebook,Weekly,About the same,No,The right image
2025/11/20 2:21:11 PM EST,2026,White,"Life Sciences (e.g. Biology, Chemistry)",Man,Yes,Yes,Yes,Yes,"Within the last month, or longer",Sharpe Refectory (Ratty),No,iPad or digital notebook,Several times a week,Unsure,No,The left image
2025/11/20 2:21:13 PM EST,2028,Asian,"Physical Sciences (e.g. Engineering, Computer Science)",Woman,No,No,No,Yes,"Within the last month, or longer",Josiah's (Jo's),Yes,iPad or digital notebook,Less than once a week,About the same,No,The right image
2025/11/20 2:23:49 PM EST,2029,Asian,"Life Sciences (e.g. Biology, Chemistry)",Man,No,No,Yes,Yes,"Within the last month, or longer",Andrews Commons,No,Paper,Several times a week,About the same,I have never had a romantic partner,The right image
2025/11/20 2:24:03 PM EST,2029,Black,"Physical Sciences (e.g. Engineering, Computer Science)",Woman,Yes,No,No,No,Unsure,Verney-Wooley (V-dub),No,iPad or digital notebook,Several times a week,About the same,No,The left image
2025/11/20 2:26:17 PM EST,2026,Black,"Physical Sciences (e.g. Engineering, Computer Science)",Woman,No,No,No,No,Never,Andrews Commons,No,Paper,Less than once a week,Unsure,I have never had a romantic partner,The right image
2025/11/20 2:27:33 PM EST,2028,Asian,"Social Sciences (e.g. Economics, Political Science)",Non-binary,Yes,Yes,No,No,"Within the last month, or longer",Sharpe Refectory (Ratty),No,Paper,Several times a week,Less likely,No,The left image
2025/11/20 2:31:08 PM EST,2028,White,"Physical Sciences (e.g. Engineering, Computer Science)",Man,No,No,Yes,No,"Within the last month, or longer",Verney-Wooley (V-dub),Yes,Paper,Weekly,About the same,No,The right image
2025/11/20 2:34:51 PM EST,2027,White,"Humanities/Arts (e.g. English, History);Physical Sciences (e.g. Engineering, Computer Science)",Man,Yes,No,Yes,Yes,Within the last three days,Ivy Room,No,Paper,Several times a week,Unsure,Yes,The left image
2025/11/20 2:37:48 PM EST,2026,White,"Physical Sciences (e.g. Engineering, Computer Science)",Man,No,No,Unsure,No,Prefer not to answer,Verney-Wooley (V-dub),No,Laptop,Several times a week,Prefer not to answer,No,Prefer not to answer
2025/11/20 2:38:54 PM EST,2027,Black;White,"Life Sciences (e.g. Biology, Chemistry)",Woman,Unsure,Yes,Yes,Yes,Never,Josiah's (Jo's),Unsure,iPad or digital notebook,Less than once a week,About the same,No,The left image
2025/11/20 2:41:01 PM EST,2027,Asian,"Life Sciences (e.g. Biology, Chemistry)",Woman,Yes,No,Unsure,Yes,Unsure,Verney-Wooley (V-dub),No,Paper,Once a day or more,Less likely,No,The right image
2025/11/20 2:41:04 PM EST,2027,Asian,"Life Sciences (e.g. Biology, Chemistry)",Man,Yes,No,Yes,No,Today,Barus and Holley Cafe,No,I don't take notes,Several times a week,Less likely,I have never had a romantic partner,The left image
2025/11/20 2:51:18 PM EST,2029,Hispanic or Latino;White,"Physical Sciences (e.g. Engineering, Computer Science);Social Sciences (e.g. Economics, Political Science)",Man,No,No,No,Yes,Never,Sharpe Refectory (Ratty),Yes,Laptop,Once a day or more,Less likely,No,The right image
2025/11/20 2:56:00 PM EST,2028,Asian,"Physical Sciences (e.g. Engineering, Computer Science)",Man,No,No,Yes,No,Within the last week,Andrews Commons,No,iPad or digital notebook,Weekly,Unsure,No,The left image
2025/11/20 3:03:48 PM EST,2027,Asian,"Physical Sciences (e.g. Engineering, Computer Science)",Woman,Yes,Yes,Yes,No,"Within the last month, or longer",Sharpe Refectory (Ratty),No,I don't take notes,Less than once a week,About the same,No,Prefer not to answer
2025/11/20 3:10:02 PM EST,2029,Asian,"Physical Sciences (e.g. Engineering, Computer Science)",Woman,No,No,Unsure,No,Never,Sharpe Refectory (Ratty),No,Paper,Less than once a week,Less likely,No,The right image
2025/11/20 3:10:47 PM EST,2029,Asian,"Physical Sciences (e.g. Engineering, Computer Science)",Woman,No,No,Yes,Yes,"Within the last month, or longer",Ivy Room,Yes,iPad or digital notebook,Several times a week,About the same,Yes,The left image
2025/11/20 3:13:09 PM EST,2029,White,"Physical Sciences (e.g. Engineering, Computer Science)",Man,No,Yes,Yes,Yes,"Within the last month, or longer",Ivy Room,Yes,Paper,Several times a week,About the same,No,The left image
2025/11/20 3:14:14 PM EST,2029,Hispanic or Latino;White,"Humanities/Arts (e.g. English, History);Life Sciences (e.g. Biology, Chemistry)",Woman,No,No,No,No,"Within the last month, or longer",Andrews Commons,No,iPad or digital notebook,Less than once a week,Unsure,Yes,The right image
2025/11/20 3:16:20 PM EST,2028,White,"Life Sciences (e.g. Biology, Chemistry);Physical Sciences (e.g. Engineering, Computer Science)",Woman,Yes,No,Yes,Yes,Never,Ivy Room,No,iPad or digital notebook,Less than once a week,About the same,No,The left image
2025/11/20 3:16:53 PM EST,2029,Asian,"Physical Sciences (e.g. Engineering, Computer Science)",Man,No,No,No,No,Never,Andrews Commons,No,Paper,Weekly,About the same,No,The left image
2025/11/20 3:16:57 PM EST,2029,Hispanic or Latino;Middle Eastern or North African,"Humanities/Arts (e.g. English, History);Physical Sciences (e.g. Engineering, Computer Science)",Man,No,No,No,No,Never,Andrews Commons,No,Paper,Less than once a week,Less likely,No,The left image
2025/11/20 3:19:15 PM EST,2029,Asian;White,"Life Sciences (e.g. Biology, Chemistry)",Man,No,Yes,No,No,"Within the last month, or longer",Verney-Wooley (V-dub),Yes,iPad or digital notebook,Once a day or more,About the same,Yes,The right image
2025/11/20 3:19:41 PM EST,2029,Asian,"Life Sciences (e.g. Biology, Chemistry);Physical Sciences (e.g. Engineering, Computer Science)",Man,No,Yes,Unsure,No,"Within the last month, or longer",Andrews Commons,Yes,iPad or digital notebook,Several times a week,About the same,No,Prefer not to answer
2025/11/20 3:21:27 PM EST,2027,White,"Humanities/Arts (e.g. English, History);Social Sciences (e.g. Economics, Political Science)",Man,No,No,Yes,Yes,Within the last week,Ivy Room,No,iPad or digital notebook,Less than once a week,About the same,I have never had a romantic partner,The left image
2025/11/20 3:21:50 PM EST,2029,White,"Life Sciences (e.g. Biology, Chemistry)",Woman,No,Yes,No,Yes,Unsure,Ivy Room,No,iPad or digital notebook,Several times a week,Less likely,No,The right image
2025/11/20 3:23:54 PM EST,2027,White,"Physical Sciences (e.g. Engineering, Computer Science)",Woman,Yes,Yes,Yes,No,"Within the last month, or longer",Sharpe Refectory (Ratty),No,iPad or digital notebook,Several times a week,Less likely,No,The right image
2025/11/20 3:23:58 PM EST,2027,Asian,"Physical Sciences (e.g. Engineering, Computer Science)",Woman,No,No,Yes,No,"Within the last month, or longer",Blue Room,No,iPad or digital notebook,Several times a week,Less likely,Yes,The left image
2025/11/20 3:25:27 PM EST,2029,White,"Humanities/Arts (e.g. English, History);Life Sciences (e.g. Biology, Chemistry)",Woman,No,No,No,Unsure,"Within the last month, or longer",Verney-Wooley (V-dub),Yes,iPad or digital notebook,Weekly,About the same,Unsure,The left image
2025/11/20 3:25:55 PM EST,2029,White,"Humanities/Arts (e.g. English, History);Social Sciences (e.g. Economics, Political Science)",Man,No,No,Yes,Yes,"Within the last month, or longer",Verney-Wooley (V-dub),Yes,Paper,Once a day or more,About the same,No,The right image
2025/11/20 3:27:15 PM EST,2029,Asian,"Life Sciences (e.g. Biology, Chemistry)",Man,No,Yes,Yes,No,"Within the last month, or longer",Andrews Commons,No,iPad or digital notebook,Several times a week,About the same,No,The left image
2025/11/20 3:27:35 PM EST,2029,Asian,"Life Sciences (e.g. Biology, Chemistry)",Man,No,No,Yes,No,Never,Andrews Commons,No,I don't take notes,Several times a week,Unsure,I have never had a romantic partner,The left image
2025/11/20 3:27:52 PM EST,2028,White,"Humanities/Arts (e.g. English, History)",Woman,No,Unsure,Unsure,Yes,Within the last week,Ivy Room,No,Paper,Several times a week,Less likely,Yes,The left image
2025/11/20 3:27:55 PM EST,2028.5,Black,"Life Sciences (e.g. Biology, Chemistry);Physical Sciences (e.g. Engineering, Computer Science)",Man,No,Yes,Yes,Yes,Prefer not to answer,Josiah's (Jo's),Yes,iPad or digital notebook,Several times a week,More likely,No,The left image
2025/11/20 3:29:43 PM EST,2026,White,"Physical Sciences (e.g. Engineering, Computer Science);Social Sciences (e.g. Economics, Political Science)",Man,No,Yes,No,Yes,Within the last week,Ivy Room,No,Paper,Several times a week,About the same,No,The left image
2025/11/20 3:30:41 PM EST,2029,White,"Life Sciences (e.g. Biology, Chemistry);Physical Sciences (e.g. Engineering, Computer Science)",Man,No,No,Yes,No,"Within the last month, or longer",Andrews Commons,No,Paper,Several times a week,Unsure,No,The left image
2025/11/20 3:32:23 PM EST,2029,White,"Physical Sciences (e.g. Engineering, Computer Science)",Man,No,Yes,Unsure,No,Prefer not to answer,Verney-Wooley (V-dub),No,Paper,Once a day or more,About the same,Yes,The right image
2025/11/20 3:32:58 PM EST,2029,Asian,"Social Sciences (e.g. Economics, Political Science)",Man,No,No,No,Yes,"Within the last month, or longer",Ivy Room,No,I don't take notes,Once a day or more,About the same,Yes,The left image
2025/11/20 3:34:45 PM EST,2029,Asian,"Social Sciences (e.g. Economics, Political Science)",Man,Yes,No,Unsure,No,Prefer not to answer,Sharpe Refectory (Ratty),No,Paper,Several times a week,About the same,No,The left image
2025/11/20 3:35:00 PM EST,2029,Hispanic or Latino;White,Prefer not to answer,Woman,Yes,No,No,Yes,Never,Sharpe Refectory (Ratty),No,Paper,Less than once a week,About the same,I have never had a romantic partner,The right image
2025/11/20 3:39:48 PM EST,2028,White,"Life Sciences (e.g. Biology, Chemistry)",Man,No,Yes,Yes,Yes,Within the last three days,Verney-Wooley (V-dub),Yes,iPad or digital notebook,Several times a week,About the same,No,The left image
2025/11/20 3:41:17 PM EST,2028,Black,"Physical Sciences (e.g. Engineering, Computer Science)",Man,No,No,No,No,Within the last three days,Josiah's (Jo's),No,Paper,Less than once a week,Less likely,No,The left image
2025/11/20 3:41:19 PM EST,2026,White,"Life Sciences (e.g. Biology, Chemistry)",Woman,Unsure,No,Yes,No,"Within the last month, or longer",Verney-Wooley (V-dub),No,Paper,Once a day or more,Prefer not to answer,Yes,The right image
2025/11/20 3:42:22 PM EST,2027,Asian,"Humanities/Arts (e.g. English, History);Social Sciences (e.g. Economics, Political Science)",Woman,Yes,No,Yes,No,"Within the last month, or longer",Blue Room,Yes,iPad or digital notebook,Several times a week,Less likely,Yes,The left image
2025/11/20 3:43:34 PM EST,2029,White,"Life Sciences (e.g. Biology, Chemistry);Physical Sciences (e.g. Engineering, Computer Science)",Woman,Prefer not to answer,No,Yes,Yes,Never,Ivy Room,Yes,iPad or digital notebook,Several times a week,About the same,I have never had a romantic partner,The right image
2025/11/20 3:45:02 PM EST,2028,Asian;Hispanic or Latino,"Humanities/Arts (e.g. English, History)",Woman,No,Yes,Unsure,Yes,Never,Sharpe Refectory (Ratty),No,Paper,Several times a week,About the same,Unsure,The left image
2025/11/20 3:47:18 PM EST,2028,White,"Humanities/Arts (e.g. English, History)",Woman,No,No,Unsure,No,"Within the last month, or longer",Sharpe Refectory (Ratty),No,Laptop,Several times a week,Unsure,Yes,The right image
2025/11/20 3:50:52 PM EST,2027,White,"Social Sciences (e.g. Economics, Political Science)",Woman,Yes,No,No,Yes,"Within the last month, or longer",Sharpe Refectory (Ratty),Yes,Laptop,Several times a week,About the same,No,The left image
2025/11/20 3:51:27 PM EST,2026,White,"Social Sciences (e.g. Economics, Political Science)",Woman,No,Yes,Yes,Yes,"Within the last month, or longer",Andrews Commons,No,Laptop,Once a day or more,Unsure,No,The right image
2025/11/20 3:52:22 PM EST,2026,Asian,"Life Sciences (e.g. Biology, Chemistry)",Woman,No,No,Yes,Yes,Within the last week,Barus and Holley Cafe,Yes,iPad or digital notebook,Weekly,About the same,Yes,The left image
2025/11/20 3:52:53 PM EST,2029,White,"Life Sciences (e.g. Biology, Chemistry)",Woman,Unsure,No,Yes,No,Within the last week,Sharpe Refectory (Ratty),No,Paper,Less than once a week,Less likely,I have never had a romantic partner,The left image
2025/11/20 3:53:05 PM EST,2029,Prefer not to answer,"Life Sciences (e.g. Biology, Chemistry)",Woman,No,No,No,Yes,"Within the last month, or longer",Ivy Room,No,Paper,Less than once a week,About the same,I have never had a romantic partner,The left image
2025/11/20 3:55:05 PM EST,2028,Asian,"Physical Sciences (e.g. Engineering, Computer Science);Social Sciences (e.g. Economics, Political Science)",Man,Yes,No,Yes,No,Unsure,Andrews Commons,No,iPad or digital notebook,Unsure,About the same,Unsure,The left image
2025/11/20 3:55:06 PM EST,2027,White,"Physical Sciences (e.g. Engineering, Computer Science)",Man,Yes,No,Unsure,Yes,"Within the last month, or longer",Sharpe Refectory (Ratty),Yes,Paper,Several times a week,Less likely,Yes,The right image
2025/11/20 3:55:39 PM EST,2027,Middle Eastern or North African,"Humanities/Arts (e.g. English, History);Physical Sciences (e.g. Engineering, Computer Science);Social Sciences (e.g. Economics, Political Science)",Woman,Yes,No,Unsure,Yes,"Within the last month, or longer",Sharpe Refectory (Ratty),Yes,iPad or digital notebook,Several times a week,Less likely,I have never had a romantic partner,The right image
2025/11/20 3:56:55 PM EST,2027,White,"Physical Sciences (e.g. Engineering, Computer Science)",Man,No,No,Unsure,No,Within the last week,Josiah's (Jo's),No,Paper,Several times a week,Prefer not to answer,No,The left image
2025/11/20 3:57:41 PM EST,2029,Middle Eastern or North African,"Physical Sciences (e.g. Engineering, Computer Science)",Woman,Unsure,No,No,Unsure,Unsure,Verney-Wooley (V-dub),No,iPad or digital notebook,Weekly,Unsure,No,The left image
2025/11/20 3:58:45 PM EST,2029,White,"Physical Sciences (e.g. Engineering, Computer Science)",Man,No,Yes,Yes,Yes,"Within the last month, or longer",Sharpe Refectory (Ratty),Yes,Paper,Several times a week,About the same,No,The left image
2025/11/20 4:00:12 PM EST,2029,Asian,"Physical Sciences (e.g. Engineering, Computer Science)",Woman,No,Yes,No,Yes,Unsure,Verney-Wooley (V-dub),Yes,iPad or digital notebook,Weekly,About the same,No,The left image
2025/11/20 4:00:17 PM EST,2029,Asian,"Physical Sciences (e.g. Engineering, Computer Science)",Man,No,No,No,Yes,"Within the last month, or longer",Josiah's (Jo's),No,iPad or digital notebook,Several times a week,Unsure,Unsure,The right image